[
  {
    "id": "s-mbbs",
    "stream": "Science",
    "title": "Medical Doctor (MBBS \u2192 MD/MS)",
    "overview": "Clinical practice diagnosing and treating patients. Requires undergraduate medical degree + residency for specialization.",
    "exams": [
      "NEET-UG",
      "NEET-PG",
      "USMLE (for US practice)"
    ],
    "preparationTips": [
      "Strong fundamental understanding of Biology, Anatomy, Physiology.",
      "Regular revision and concept mapping rather than rote memorization.",
      "Practice clinical reasoning with case studies and mock tests."
    ],
    "futureScope": "Hospitals (public/private), private clinics, research, public health roles, academia, telemedicine.",
    "avgSalaryRange": "\u20b96L - \u20b940L+ per year (depends on specialization, experience, country)",
    "skills": [
      "Clinical skills",
      "Patient communication",
      "Decision making",
      "Resilience"
    ],
    "educationPath": [
      "MBBS (5.5 years incl internship)",
      "Residency / MD / MS",
      "Fellowships / Super-specialty"
    ],
    "typicalEmployers": [
      "Hospitals",
      "Clinics",
      "Government health departments",
      "NGOs"
    ],
    "growthOutlook": "Stable and essential; specialists and public health professionals are in high demand.",
    "recommendedResources": [
      "Standard MBBS textbooks",
      "NEET preparation platforms",
      "Clinical case books"
    ]
  },
  {
    "id": "s-data-science",
    "stream": "Science",
    "title": "Data Scientist / Machine Learning Engineer",
    "overview": "Build models that extract insights from data and automate decisions using statistics and ML.",
    "exams": [
      "GATE (CS/IT)",
      "GRE (for international MS/PhD)"
    ],
    "preparationTips": [
      "Master Python and data libraries (pandas, numpy), plus ML frameworks (scikit-learn, PyTorch).",
      "Work on end-to-end projects; include them in your portfolio.",
      "Practice statistics, probability, and data storytelling."
    ],
    "futureScope": "Very high demand across fintech, healthcare, e-commerce, startups; roles expand into ML ops and research.",
    "avgSalaryRange": "\u20b96L - \u20b950L+ per year (senior/abroad roles higher)",
    "skills": [
      "Programming",
      "Statistics",
      "Feature engineering",
      "Model deployment"
    ],
    "educationPath": [
      "BSc/BE in CS/Stats/Math",
      "MS/PhD or industry experience",
      "Certifications / bootcamps"
    ],
    "typicalEmployers": [
      "Tech companies",
      "Banks",
      "Research labs",
      "Startups"
    ],
    "growthOutlook": "Strong growth; transferable across domains; ethical/ML governance roles emerging.",
    "recommendedResources": [
      "Coursera/edX ML courses",
      "Kaggle competitions",
      "Hands-on projects"
    ]
  }
]